Fiscal Year Ending,Employer Contributions ($),Employer Contributions (%)
2010.0,3.55406862E8,28.3
2011.0,3.87012932E8,31.2
2012.0,4.41872717E8,37.5
2013.0,5.05891274E8,39.9
2014.0,5.7594138E8,44.4
